<?xml version="1.0" encoding="UTF-8"?>
<po:PurchaseOrder xsi:schemaLocation="http://xmlns.oracle.com/ns/order po.xsd" xmlns:xsi="http://www.w3.org/2001/XMLSchema-instance" xmlns:po="http://xmlns.oracle.com/ns/order">
	<po:CustID>107</po:CustID>
	<po:ID>20002</po:ID>
	<po:productName>iPod Touch 3G 64GB</po:productName>
	<po:itemType>Audio and Video</po:itemType>
	<po:price>319.99</po:price>
	<po:quantity>5</po:quantity>
	<po:status>Initial</po:status>
	<po:ccType>VISA</po:ccType>
	<po:ccNumber>4887-0283-7407-8098</po:ccNumber>
</po:PurchaseOrder>
