<?xml version="1.0" encoding="UTF-8"?>
<po:PurchaseOrder xsi:schemaLocation="http://xmlns.oracle.com/ns/order po.xsd" xmlns:xsi="http://www.w3.org/2001/XMLSchema-instance" xmlns:po="http://xmlns.oracle.com/ns/order">
	<po:CustID>304</po:CustID>
	<po:ID>20001</po:ID>
	<po:productName>Rawhide - The Complete First Season (1959)</po:productName>
	<po:itemType>DVDs</po:itemType>
	<po:price>12.99</po:price>
	<po:quantity>10</po:quantity>
	<po:status>Initial</po:status>
	<po:ccType>MCARD</po:ccType>
	<po:ccNumber>7007-9262-2844-3517</po:ccNumber>
</po:PurchaseOrder>
