<?xml version="1.0" encoding="UTF-8"?>
<POList xmlns="http://xmlns.oracle.com/ns/order">
	<OrderDay>
		<OrderDate>10-May-10</OrderDate>
		<PurchaseOrder>
			<CustID>101</CustID>
			<ID>23701</ID>
			<productName>XBox 360 Arcade Console</productName>
			<itemType>Games</itemType>
			<price>159.99</price>
			<quantity>25</quantity>
			<status>Initial</status>
			<ccType>MCARD</ccType>
			<ccNumber>5599-4792-7921-3309</ccNumber>
		</PurchaseOrder>
		<PurchaseOrder>
			<CustID>101</CustID>
			<ID>23702</ID>
			<productName>Playstation Portable</productName>
			<itemType>Games</itemType>
			<price>224.99</price>
			<quantity>50</quantity>
			<status>Initial</status>
			<ccType>MCARD</ccType>
			<ccNumber>5599-4792-7921-3309</ccNumber>
		</PurchaseOrder>
		<PurchaseOrder>
			<CustID>101</CustID>
			<ID>23703</ID>
			<productName>PlayStation 3 Video Game</productName>
			<itemType>Games</itemType>
			<price>229.95</price>
			<quantity>30</quantity>
			<status>Initial</status>
			<ccType>MCARD</ccType>
			<ccNumber>5599-4792-7921-3309</ccNumber>
		</PurchaseOrder>
		<PurchaseOrder>
			<CustID>1002</CustID>
			<ID>23704</ID>
			<productName>iPad</productName>
			<itemType>Audio and Video</itemType>
			<price>499.0</price>
			<quantity>50</quantity>
			<status>Initial</status>
			<ccType>MCARD</ccType>
			<ccNumber>6700-2365-1189-7634</ccNumber>
		</PurchaseOrder>
		<PurchaseOrder>
			<CustID>1002</CustID>
			<ID>23705</ID>
			<productName>17-Inch Powerbook</productName>
			<itemType>Hardware</itemType>
			<price>3499.99</price>
			<quantity>40</quantity>
			<status>Initial</status>
			<ccType>MCARD</ccType>
			<ccNumber>6700-2365-1189-7634</ccNumber>
		</PurchaseOrder>
		<PurchaseOrder>
			<CustID>1002</CustID>
			<ID>23706</ID>
			<productName>15-Inch MacBook Pro</productName>
			<itemType>Hardware</itemType>
			<price>1999.99</price>
			<quantity>40</quantity>
			<status>Initial</status>
			<ccType>MCARD</ccType>
			<ccNumber>6700-2365-1189-7634</ccNumber>
		</PurchaseOrder>
		<PurchaseOrder>
			<CustID>103</CustID>
			<ID>23707</ID>
			<productName>RAZR V3i Cellular Phone</productName>
			<itemType>Cell Phones</itemType>
			<price>99.99</price>
			<quantity>10</quantity>
			<status>Initial</status>
			<ccType>VISA</ccType>
			<ccNumber>3622-0009-7491-2558</ccNumber>
		</PurchaseOrder>
		<PurchaseOrder>
			<CustID>103</CustID>
			<ID>23708</ID>
			<productName>iPhone 3GS 32GB</productName>
			<itemType>Cell Phones</itemType>
			<price>699.99</price>
			<quantity>25</quantity>
			<status>Initial</status>
			<ccType>VISA</ccType>
			<ccNumber>3622-0009-7491-2558</ccNumber>
		</PurchaseOrder>
		<PurchaseOrder>
			<CustID>103</CustID>
			<ID>23709</ID>
			<productName>HTC Hero phone</productName>
			<itemType>Cell Phones</itemType>
			<price>299.99</price>
			<quantity>5</quantity>
			<status>Initial</status>
			<ccType>VISA</ccType>
			<ccNumber>3622-0009-7491-2558</ccNumber>
		</PurchaseOrder>
		<PurchaseOrder>
			<CustID>104</CustID>
			<ID>23710</ID>
			<productName>RAZR V3i Cellular Phone</productName>
			<itemType>Cell Phones</itemType>
			<price>99.99</price>
			<quantity>50</quantity>
			<status>Initial</status>
			<ccType>VISA</ccType>
			<ccNumber>2507-9982-8209-9990</ccNumber>
		</PurchaseOrder>
		<PurchaseOrder>
			<CustID>104</CustID>
			<ID>23711</ID>
			<productName>Blackberry Pearl 9105</productName>
			<itemType>Cell Phones</itemType>
			<price>499.99</price>
			<quantity>40</quantity>
			<status>Initial</status>
			<ccType>VISA</ccType>
			<ccNumber>2507-9982-8209-9990</ccNumber>
		</PurchaseOrder>
		<PurchaseOrder>
			<CustID>104</CustID>
			<ID>23712</ID>
			<productName>iPhone 3GS 32GB</productName>
			<itemType>Cell Phones</itemType>
			<price>699.99</price>
			<quantity>10</quantity>
			<status>Initial</status>
			<ccType>VISA</ccType>
			<ccNumber>2507-9982-8209-9990</ccNumber>
		</PurchaseOrder>
		<PurchaseOrder>
			<CustID>105</CustID>
			<ID>23713</ID>
			<productName>Plasma HD Television</productName>
			<itemType>Audio and Video</itemType>
			<price>1999.99</price>
			<quantity>10</quantity>
			<status>Initial</status>
			<ccType>VISA</ccType>
			<ccNumber>4377-7769-0982-7489</ccNumber>
		</PurchaseOrder>
		<PurchaseOrder>
			<CustID>105</CustID>
			<ID>23714</ID>
			<productName>Archos 5 120GB</productName>
			<itemType>Audio and Video</itemType>
			<price>299.99</price>
			<quantity>15</quantity>
			<status>Initial</status>
			<ccType>VISA</ccType>
			<ccNumber>4377-7769-0982-7489</ccNumber>
		</PurchaseOrder>
		<PurchaseOrder>
			<CustID>105</CustID>
			<ID>23715</ID>
			<productName>iPod Classic 160GB</productName>
			<itemType>Audio and Video</itemType>
			<price>199.99</price>
			<quantity>30</quantity>
			<status>Initial</status>
			<ccType>VISA</ccType>
			<ccNumber>4377-7769-0982-7489</ccNumber>
		</PurchaseOrder>
		<PurchaseOrder>
			<CustID>106</CustID>
			<ID>23716</ID>
			<productName>Nintendo DSi</productName>
			<itemType>Games</itemType>
			<price>149.99</price>
			<quantity>50</quantity>
			<status>Initial</status>
			<ccType>MCARD</ccType>
			<ccNumber>6700-7290-2683-1189</ccNumber>
		</PurchaseOrder>
		<PurchaseOrder>
			<CustID>106</CustID>
			<ID>23717</ID>
			<productName>Playstation Portable</productName>
			<itemType>Games</itemType>
			<price>224.99</price>
			<quantity>30</quantity>
			<status>Initial</status>
			<ccType>MCARD</ccType>
			<ccNumber>6700-7290-2683-1189</ccNumber>
		</PurchaseOrder>
		<PurchaseOrder>
			<CustID>106</CustID>
			<ID>23718</ID>
			<productName>Nintendo Wii</productName>
			<itemType>Games</itemType>
			<price>259.99</price>
			<quantity>20</quantity>
			<status>Initial</status>
			<ccType>MCARD</ccType>
			<ccNumber>6700-7290-2683-1189</ccNumber>
		</PurchaseOrder>
		<PurchaseOrder>
			<CustID>107</CustID>
			<ID>23719</ID>
			<productName>Beginning EJB Application Development</productName>
			<itemType>Books</itemType>
			<price>29.99</price>
			<quantity>30</quantity>
			<status>Initial</status>
			<ccType>VISA</ccType>
			<ccNumber>4887-0283-7407-8098</ccNumber>
		</PurchaseOrder>
		<PurchaseOrder>
			<CustID>107</CustID>
			<ID>23720</ID>
			<productName>Pro EJB 3: Java Persistence API</productName>
			<itemType>Books</itemType>
			<price>35.99</price>
			<quantity>25</quantity>
			<status>Initial</status>
			<ccType>VISA</ccType>
			<ccNumber>4887-0283-7407-8098</ccNumber>
		</PurchaseOrder>
		<PurchaseOrder>
			<CustID>107</CustID>
			<ID>23721</ID>
			<productName>The Oracle of Oracle</productName>
			<itemType>Books</itemType>
			<price>24.99</price>
			<quantity>25</quantity>
			<status>Initial</status>
			<ccType>VISA</ccType>
			<ccNumber>4887-0283-7407-8098</ccNumber>
		</PurchaseOrder>
		<PurchaseOrder>
			<CustID>201</CustID>
			<ID>23722</ID>
			<productName>Mini Mac Computer</productName>
			<itemType>Hardware</itemType>
			<price>799.99</price>
			<quantity>10</quantity>
			<status>Initial</status>
			<ccType>VISA</ccType>
			<ccNumber>4222-1233-4572-3342</ccNumber>
		</PurchaseOrder>
		<PurchaseOrder>
			<CustID>201</CustID>
			<ID>23723</ID>
			<productName>17-Inch Powerbook</productName>
			<itemType>Hardware</itemType>
			<price>3499.99</price>
			<quantity>5</quantity>
			<status>Initial</status>
			<ccType>VISA</ccType>
			<ccNumber>4222-1233-4572-3342</ccNumber>
		</PurchaseOrder>
		<PurchaseOrder>
			<CustID>201</CustID>
			<ID>23724</ID>
			<productName>15-Inch MacBook Pro</productName>
			<itemType>Hardware</itemType>
			<price>1999.99</price>
			<quantity>10</quantity>
			<status>Initial</status>
			<ccType>VISA</ccType>
			<ccNumber>4222-1233-4572-3342</ccNumber>
		</PurchaseOrder>
		<PurchaseOrder>
			<CustID>202</CustID>
			<ID>23725</ID>
			<productName>Nintendo Wii</productName>
			<itemType>Games</itemType>
			<price>259.99</price>
			<quantity>10</quantity>
			<status>Initial</status>
			<ccType>AMEX</ccType>
			<ccNumber>1999-7287-2349-5765</ccNumber>
		</PurchaseOrder>
		<PurchaseOrder>
			<CustID>202</CustID>
			<ID>23726</ID>
			<productName>Wii Remote</productName>
			<itemType>Games</itemType>
			<price>19.99</price>
			<quantity>15</quantity>
			<status>Initial</status>
			<ccType>AMEX</ccType>
			<ccNumber>1999-7287-2349-5765</ccNumber>
		</PurchaseOrder>
		<PurchaseOrder>
			<CustID>202</CustID>
			<ID>23727</ID>
			<productName>Nintendo DSi</productName>
			<itemType>Games</itemType>
			<price>149.99</price>
			<quantity>5</quantity>
			<status>Initial</status>
			<ccType>AMEX</ccType>
			<ccNumber>1999-7287-2349-5765</ccNumber>
		</PurchaseOrder>
		<PurchaseOrder>
			<CustID>203</CustID>
			<ID>23728</ID>
			<productName>iPod Touch 3G 64GB</productName>
			<itemType>Audio and Video</itemType>
			<price>319.99</price>
			<quantity>25</quantity>
			<status>Initial</status>
			<ccType>VISA</ccType>
			<ccNumber>3665-2777-8731-1673</ccNumber>
		</PurchaseOrder>
		<PurchaseOrder>
			<CustID>203</CustID>
			<ID>23729</ID>
			<productName>Playstation Portable</productName>
			<itemType>Games</itemType>
			<price>224.99</price>
			<quantity>25</quantity>
			<status>Initial</status>
			<ccType>VISA</ccType>
			<ccNumber>3665-2777-8731-1673</ccNumber>
		</PurchaseOrder>
		<PurchaseOrder>
			<CustID>203</CustID>
			<ID>23730</ID>
			<productName>HTC Desire phone</productName>
			<itemType>Audio and Video</itemType>
			<price>450.0</price>
			<quantity>5</quantity>
			<status>Initial</status>
			<ccType>VISA</ccType>
			<ccNumber>3665-2777-8731-1673</ccNumber>
		</PurchaseOrder>
	</OrderDay>
	<OrderDay>
		<OrderDate>11-May-10</OrderDate>
		<PurchaseOrder>
			<CustID>204</CustID>
			<ID>23731</ID>
			<productName>XBox 360 Arcade Console</productName>
			<itemType>Games</itemType>
			<price>159.99</price>
			<quantity>50</quantity>
			<status>Initial</status>
			<ccType>VISA</ccType>
			<ccNumber>4388-8877-2340-2872</ccNumber>
		</PurchaseOrder>
		<PurchaseOrder>
			<CustID>204</CustID>
			<ID>23732</ID>
			<productName>PlayStation 3 Video Game</productName>
			<itemType>Games</itemType>
			<price>229.95</price>
			<quantity>30</quantity>
			<status>Initial</status>
			<ccType>VISA</ccType>
			<ccNumber>4388-8877-2340-2872</ccNumber>
		</PurchaseOrder>
		<PurchaseOrder>
			<CustID>204</CustID>
			<ID>23733</ID>
			<productName>Playstation Portable</productName>
			<itemType>Games</itemType>
			<price>224.99</price>
			<quantity>100</quantity>
			<status>Initial</status>
			<ccType>VISA</ccType>
			<ccNumber>4388-8877-2340-2872</ccNumber>
		</PurchaseOrder>
		<PurchaseOrder>
			<CustID>205</CustID>
			<ID>23734</ID>
			<productName>PlayStation 3 Video Game</productName>
			<itemType>Games</itemType>
			<price>229.95</price>
			<quantity>100</quantity>
			<status>Initial</status>
			<ccType>DISCO</ccType>
			<ccNumber>9008-2846-7662-3554</ccNumber>
		</PurchaseOrder>
		<PurchaseOrder>
			<CustID>205</CustID>
			<ID>23735</ID>
			<productName>XBox 360 Elite Console</productName>
			<itemType>Games</itemType>
			<price>199.0</price>
			<quantity>100</quantity>
			<status>Initial</status>
			<ccType>DISCO</ccType>
			<ccNumber>9008-2846-7662-3554</ccNumber>
		</PurchaseOrder>
		<PurchaseOrder>
			<CustID>205</CustID>
			<ID>23736</ID>
			<productName>Playstation Portable</productName>
			<itemType>Games</itemType>
			<price>224.99</price>
			<quantity>80</quantity>
			<status>Initial</status>
			<ccType>DISCO</ccType>
			<ccNumber>9008-2846-7662-3554</ccNumber>
		</PurchaseOrder>
		<PurchaseOrder>
			<CustID>206</CustID>
			<ID>23737</ID>
			<productName>PlayStation 3 Video Game</productName>
			<itemType>Games</itemType>
			<price>229.95</price>
			<quantity>40</quantity>
			<status>Initial</status>
			<ccType>MCARD</ccType>
			<ccNumber>8661-8292-2346-7115</ccNumber>
		</PurchaseOrder>
		<PurchaseOrder>
			<CustID>206</CustID>
			<ID>23738</ID>
			<productName>Plasma HD Television</productName>
			<itemType>Audio and Video</itemType>
			<price>1999.99</price>
			<quantity>15</quantity>
			<status>Initial</status>
			<ccType>MCARD</ccType>
			<ccNumber>8661-8292-2346-7115</ccNumber>
		</PurchaseOrder>
		<PurchaseOrder>
			<CustID>206</CustID>
			<ID>23739</ID>
			<productName>20-Inch iMac</productName>
			<itemType>Hardware</itemType>
			<price>2499.99</price>
			<quantity>60</quantity>
			<status>Initial</status>
			<ccType>MCARD</ccType>
			<ccNumber>8661-8292-2346-7115</ccNumber>
		</PurchaseOrder>
		<PurchaseOrder>
			<CustID>207</CustID>
			<ID>23740</ID>
			<productName>PlayStation 3 Video Game</productName>
			<itemType>Games</itemType>
			<price>229.95</price>
			<quantity>75</quantity>
			<status>Initial</status>
			<ccType>AMEX</ccType>
			<ccNumber>1156-8728-9700-0087</ccNumber>
		</PurchaseOrder>
		<PurchaseOrder>
			<CustID>207</CustID>
			<ID>23741</ID>
			<productName>Playstation Portable</productName>
			<itemType>Games</itemType>
			<price>224.99</price>
			<quantity>30</quantity>
			<status>Initial</status>
			<ccType>AMEX</ccType>
			<ccNumber>1156-8728-9700-0087</ccNumber>
		</PurchaseOrder>
		<PurchaseOrder>
			<CustID>207</CustID>
			<ID>23742</ID>
			<productName>XBox 360 Arcade Console</productName>
			<itemType>Games</itemType>
			<price>159.99</price>
			<quantity>50</quantity>
			<status>Initial</status>
			<ccType>AMEX</ccType>
			<ccNumber>1156-8728-9700-0087</ccNumber>
		</PurchaseOrder>
		<PurchaseOrder>
			<CustID>301</CustID>
			<ID>23743</ID>
			<productName>iPod Touch 3G 64GB</productName>
			<itemType>Audio and Video</itemType>
			<price>319.99</price>
			<quantity>50</quantity>
			<status>Initial</status>
			<ccType>VISA</ccType>
			<ccNumber>3488-9298-2555-2876</ccNumber>
		</PurchaseOrder>
		<PurchaseOrder>
			<CustID>301</CustID>
			<ID>23744</ID>
			<productName>Archos 5 120GB</productName>
			<itemType>Audio and Video</itemType>
			<price>299.99</price>
			<quantity>20</quantity>
			<status>Initial</status>
			<ccType>VISA</ccType>
			<ccNumber>3488-9298-2555-2876</ccNumber>
		</PurchaseOrder>
		<PurchaseOrder>
			<CustID>301</CustID>
			<ID>23745</ID>
			<productName>iPod Classic 160GB</productName>
			<itemType>Audio and Video</itemType>
			<price>199.99</price>
			<quantity>30</quantity>
			<status>Initial</status>
			<ccType>VISA</ccType>
			<ccNumber>3488-9298-2555-2876</ccNumber>
		</PurchaseOrder>
	</OrderDay>
	<OrderDay>
		<OrderDate>12-May-10</OrderDate>
		<PurchaseOrder>
			<CustID>302</CustID>
			<ID>23746</ID>
			<productName>Sansa Clip+ 8GB MP3 Player</productName>
			<itemType>Audio and Video</itemType>
			<price>99.99</price>
			<quantity>40</quantity>
			<status>Initial</status>
			<ccType>MCARD</ccType>
			<ccNumber>7575-3446-7291-8043</ccNumber>
		</PurchaseOrder>
		<PurchaseOrder>
			<CustID>302</CustID>
			<ID>23747</ID>
			<productName>iPod Nano 5G 16GB</productName>
			<itemType>Audio and Video</itemType>
			<price>169.99</price>
			<quantity>50</quantity>
			<status>Initial</status>
			<ccType>MCARD</ccType>
			<ccNumber>7575-3446-7291-8043</ccNumber>
		</PurchaseOrder>
		<PurchaseOrder>
			<CustID>302</CustID>
			<ID>23748</ID>
			<productName>iPod Speakers</productName>
			<itemType>Audio and Video</itemType>
			<price>89.99</price>
			<quantity>30</quantity>
			<status>Initial</status>
			<ccType>MCARD</ccType>
			<ccNumber>7575-3446-7291-8043</ccNumber>
		</PurchaseOrder>
		<PurchaseOrder>
			<CustID>303</CustID>
			<ID>23749</ID>
			<productName>Blackberry Pearl 9105</productName>
			<itemType>Cell Phones</itemType>
			<price>499.99</price>
			<quantity>45</quantity>
			<status>Initial</status>
			<ccType>MCARD</ccType>
			<ccNumber>5578-9277-0091-0091</ccNumber>
		</PurchaseOrder>
		<PurchaseOrder>
			<CustID>303</CustID>
			<ID>23750</ID>
			<productName>RAZR V3i Cellular Phone</productName>
			<itemType>Cell Phones</itemType>
			<price>99.99</price>
			<quantity>60</quantity>
			<status>Initial</status>
			<ccType>MCARD</ccType>
			<ccNumber>5578-9277-0091-0091</ccNumber>
		</PurchaseOrder>
		<PurchaseOrder>
			<CustID>303</CustID>
			<ID>23751</ID>
			<productName>Internet Camera</productName>
			<itemType>Camera and Photo</itemType>
			<price>439.99</price>
			<quantity>5</quantity>
			<status>Initial</status>
			<ccType>MCARD</ccType>
			<ccNumber>5578-9277-0091-0091</ccNumber>
		</PurchaseOrder>
		<PurchaseOrder>
			<CustID>304</CustID>
			<ID>23752</ID>
			<productName>Wii Remote</productName>
			<itemType>Games</itemType>
			<price>19.99</price>
			<quantity>65</quantity>
			<status>Initial</status>
			<ccType>MCARD</ccType>
			<ccNumber>7007-9262-2844-3517</ccNumber>
		</PurchaseOrder>
		<PurchaseOrder>
			<CustID>304</CustID>
			<ID>23753</ID>
			<productName>Nintendo Wii</productName>
			<itemType>Games</itemType>
			<price>259.99</price>
			<quantity>50</quantity>
			<status>Initial</status>
			<ccType>MCARD</ccType>
			<ccNumber>7007-9262-2844-3517</ccNumber>
		</PurchaseOrder>
		<PurchaseOrder>
			<CustID>304</CustID>
			<ID>23754</ID>
			<productName>Nintendo DSi</productName>
			<itemType>Games</itemType>
			<price>149.99</price>
			<quantity>20</quantity>
			<status>Initial</status>
			<ccType>MCARD</ccType>
			<ccNumber>7007-9262-2844-3517</ccNumber>
		</PurchaseOrder>
		<PurchaseOrder>
			<CustID>305</CustID>
			<ID>23755</ID>
			<productName>Bluetooth Phone Headset</productName>
			<itemType>Cell Phones</itemType>
			<price>49.99</price>
			<quantity>25</quantity>
			<status>Initial</status>
			<ccType>MCARD</ccType>
			<ccNumber>6288-8729-2273-6573</ccNumber>
		</PurchaseOrder>
		<PurchaseOrder>
			<CustID>305</CustID>
			<ID>23756</ID>
			<productName>RAZR V3i Cellular Phone</productName>
			<itemType>Cell Phones</itemType>
			<price>99.99</price>
			<quantity>25</quantity>
			<status>Initial</status>
			<ccType>MCARD</ccType>
			<ccNumber>6288-8729-2273-6573</ccNumber>
		</PurchaseOrder>
		<PurchaseOrder>
			<CustID>305</CustID>
			<ID>23757</ID>
			<productName>iPad</productName>
			<itemType>Audio and Video</itemType>
			<price>499.0</price>
			<quantity>30</quantity>
			<status>Initial</status>
			<ccType>MCARD</ccType>
			<ccNumber>6288-8729-2273-6573</ccNumber>
		</PurchaseOrder>
		<PurchaseOrder>
			<CustID>306</CustID>
			<ID>23758</ID>
			<productName>Plasma HD Television</productName>
			<itemType>Audio and Video</itemType>
			<price>1999.99</price>
			<quantity>3</quantity>
			<status>Initial</status>
			<ccType>VISA</ccType>
			<ccNumber>4999-9946-2180-1257</ccNumber>
		</PurchaseOrder>
		<PurchaseOrder>
			<CustID>306</CustID>
			<ID>23759</ID>
			<productName>Archos 5 120GB</productName>
			<itemType>Audio and Video</itemType>
			<price>299.99</price>
			<quantity>5</quantity>
			<status>Initial</status>
			<ccType>VISA</ccType>
			<ccNumber>4999-9946-2180-1257</ccNumber>
		</PurchaseOrder>
		<PurchaseOrder>
			<CustID>306</CustID>
			<ID>23760</ID>
			<productName>iPod Touch 3G 64GB</productName>
			<itemType>Audio and Video</itemType>
			<price>319.99</price>
			<quantity>10</quantity>
			<status>Initial</status>
			<ccType>VISA</ccType>
			<ccNumber>4999-9946-2180-1257</ccNumber>
		</PurchaseOrder>
		<PurchaseOrder>
			<CustID>307</CustID>
			<ID>23761</ID>
			<productName>PlayStation 3 Video Game</productName>
			<itemType>Games</itemType>
			<price>229.95</price>
			<quantity>45</quantity>
			<status>Initial</status>
			<ccType>DISCO</ccType>
			<ccNumber>9577-7282-7298-3548</ccNumber>
		</PurchaseOrder>
		<PurchaseOrder>
			<CustID>307</CustID>
			<ID>23762</ID>
			<productName>XBox 360 Elite Console</productName>
			<itemType>Games</itemType>
			<price>199.0</price>
			<quantity>55</quantity>
			<status>Initial</status>
			<ccType>DISCO</ccType>
			<ccNumber>9577-7282-7298-3548</ccNumber>
		</PurchaseOrder>
		<PurchaseOrder>
			<CustID>307</CustID>
			<ID>23763</ID>
			<productName>Nintendo Wii</productName>
			<itemType>Games</itemType>
			<price>259.99</price>
			<quantity>30</quantity>
			<status>Initial</status>
			<ccType>DISCO</ccType>
			<ccNumber>9577-7282-7298-3548</ccNumber>
		</PurchaseOrder>
	</OrderDay>
	<OrderDay>
		<OrderDate>13-May-10</OrderDate>
		<PurchaseOrder>
			<CustID>401</CustID>
			<ID>23764</ID>
			<productName>Nintendo DSi</productName>
			<itemType>Games</itemType>
			<price>149.99</price>
			<quantity>150</quantity>
			<status>Initial</status>
			<ccType>VISA</ccType>
			<ccNumber>4489-0076-5666-3832</ccNumber>
		</PurchaseOrder>
		<PurchaseOrder>
			<CustID>401</CustID>
			<ID>23765</ID>
			<productName>Nintendo Wii</productName>
			<itemType>Games</itemType>
			<price>259.99</price>
			<quantity>300</quantity>
			<status>Initial</status>
			<ccType>VISA</ccType>
			<ccNumber>4489-0076-5666-3832</ccNumber>
		</PurchaseOrder>
		<PurchaseOrder>
			<CustID>401</CustID>
			<ID>23766</ID>
			<productName>Wii Remote</productName>
			<itemType>Games</itemType>
			<price>19.99</price>
			<quantity>150</quantity>
			<status>Initial</status>
			<ccType>VISA</ccType>
			<ccNumber>4489-0076-5666-3832</ccNumber>
		</PurchaseOrder>
		<PurchaseOrder>
			<CustID>401</CustID>
			<ID>23767</ID>
			<productName>Playstation Portable</productName>
			<itemType>Games</itemType>
			<price>224.99</price>
			<quantity>50</quantity>
			<status>Initial</status>
			<ccType>VISA</ccType>
			<ccNumber>4489-0076-5666-3832</ccNumber>
		</PurchaseOrder>
		<PurchaseOrder>
			<CustID>402</CustID>
			<ID>23768</ID>
			<productName>iPod Classic 160GB</productName>
			<itemType>Audio and Video</itemType>
			<price>199.99</price>
			<quantity>50</quantity>
			<status>Initial</status>
			<ccType>VISA</ccType>
			<ccNumber>2122-2134-5355-9871</ccNumber>
		</PurchaseOrder>
		<PurchaseOrder>
			<CustID>402</CustID>
			<ID>23769</ID>
			<productName>iPod Touch 3G 64GB</productName>
			<itemType>Audio and Video</itemType>
			<price>319.99</price>
			<quantity>50</quantity>
			<status>Initial</status>
			<ccType>VISA</ccType>
			<ccNumber>2122-2134-5355-9871</ccNumber>
		</PurchaseOrder>
		<PurchaseOrder>
			<CustID>402</CustID>
			<ID>23770</ID>
			<productName>iPod Nano 5G 8GB</productName>
			<itemType>Audio and Video</itemType>
			<price>129.99</price>
			<quantity>75</quantity>
			<status>Initial</status>
			<ccType>VISA</ccType>
			<ccNumber>2122-2134-5355-9871</ccNumber>
		</PurchaseOrder>
		<PurchaseOrder>
			<CustID>402</CustID>
			<ID>23771</ID>
			<productName>Sansa Clip+ 8GB MP3 Player</productName>
			<itemType>Audio and Video</itemType>
			<price>99.99</price>
			<quantity>100</quantity>
			<status>Initial</status>
			<ccType>VISA</ccType>
			<ccNumber>2122-2134-5355-9871</ccNumber>
		</PurchaseOrder>
		<PurchaseOrder>
			<CustID>403</CustID>
			<ID>23772</ID>
			<productName>iPad</productName>
			<itemType>Audio and Video</itemType>
			<price>499.0</price>
			<quantity>30</quantity>
			<status>Initial</status>
			<ccType>AMEX</ccType>
			<ccNumber>1687-1544-9872-3248</ccNumber>
		</PurchaseOrder>
		<PurchaseOrder>
			<CustID>403</CustID>
			<ID>23773</ID>
			<productName>17-Inch Powerbook</productName>
			<itemType>Hardware</itemType>
			<price>3499.99</price>
			<quantity>15</quantity>
			<status>Initial</status>
			<ccType>AMEX</ccType>
			<ccNumber>1687-1544-9872-3248</ccNumber>
		</PurchaseOrder>
		<PurchaseOrder>
			<CustID>403</CustID>
			<ID>23774</ID>
			<productName>15-Inch MacBook Pro</productName>
			<itemType>Hardware</itemType>
			<price>1999.99</price>
			<quantity>20</quantity>
			<status>Initial</status>
			<ccType>AMEX</ccType>
			<ccNumber>1687-1544-9872-3248</ccNumber>
		</PurchaseOrder>
		<PurchaseOrder>
			<CustID>403</CustID>
			<ID>23775</ID>
			<productName>iPad</productName>
			<itemType>Audio and Video</itemType>
			<price>499.0</price>
			<quantity>20</quantity>
			<status>Initial</status>
			<ccType>AMEX</ccType>
			<ccNumber>1687-1544-9872-3248</ccNumber>
		</PurchaseOrder>
		<PurchaseOrder>
			<CustID>404</CustID>
			<ID>23776</ID>
			<productName>RAZR V3i Cellular Phone</productName>
			<itemType>Cell Phones</itemType>
			<price>99.99</price>
			<quantity>30</quantity>
			<status>Initial</status>
			<ccType>MCARD</ccType>
			<ccNumber>8350-0820-1182-3549</ccNumber>
		</PurchaseOrder>
		<PurchaseOrder>
			<CustID>404</CustID>
			<ID>23777</ID>
			<productName>Blackberry Pearl 9105</productName>
			<itemType>Cell Phones</itemType>
			<price>499.99</price>
			<quantity>50</quantity>
			<status>Initial</status>
			<ccType>MCARD</ccType>
			<ccNumber>8350-0820-1182-3549</ccNumber>
		</PurchaseOrder>
		<PurchaseOrder>
			<CustID>404</CustID>
			<ID>23778</ID>
			<productName>iPhone 3GS 32GB</productName>
			<itemType>Cell Phones</itemType>
			<price>699.99</price>
			<quantity>20</quantity>
			<status>Initial</status>
			<ccType>MCARD</ccType>
			<ccNumber>8350-0820-1182-3549</ccNumber>
		</PurchaseOrder>
		<PurchaseOrder>
			<CustID>405</CustID>
			<ID>23779</ID>
			<productName>Plasma HD Television</productName>
			<itemType>Audio and Video</itemType>
			<price>1999.99</price>
			<quantity>20</quantity>
			<status>Initial</status>
			<ccType>VISA</ccType>
			<ccNumber>3339-8210-8296-9274</ccNumber>
		</PurchaseOrder>
		<PurchaseOrder>
			<CustID>406</CustID>
			<ID>23780</ID>
			<productName>17-Inch iMac</productName>
			<itemType>Hardware</itemType>
			<price>899.99</price>
			<quantity>20</quantity>
			<status>Initial</status>
			<ccType>VISA</ccType>
			<ccNumber>3536-6353-9901-1099</ccNumber>
		</PurchaseOrder>
		<PurchaseOrder>
			<CustID>406</CustID>
			<ID>23781</ID>
			<productName>20-Inch iMac</productName>
			<itemType>Hardware</itemType>
			<price>2499.99</price>
			<quantity>15</quantity>
			<status>Initial</status>
			<ccType>VISA</ccType>
			<ccNumber>3536-6353-9901-1099</ccNumber>
		</PurchaseOrder>
		<PurchaseOrder>
			<CustID>406</CustID>
			<ID>23782</ID>
			<productName>17-Inch Powerbook</productName>
			<itemType>Hardware</itemType>
			<price>3499.99</price>
			<quantity>15</quantity>
			<status>Initial</status>
			<ccType>VISA</ccType>
			<ccNumber>3536-6353-9901-1099</ccNumber>
		</PurchaseOrder>
		<PurchaseOrder>
			<CustID>407</CustID>
			<ID>23783</ID>
			<productName>Sansa Clip+ 8GB MP3 Player</productName>
			<itemType>Audio and Video</itemType>
			<price>99.99</price>
			<quantity>30</quantity>
			<status>Initial</status>
			<ccType>MCARD</ccType>
			<ccNumber>5599-0187-2832-7372</ccNumber>
		</PurchaseOrder>
		<PurchaseOrder>
			<CustID>407</CustID>
			<ID>23784</ID>
			<productName>iPod Nano 5G 16GB</productName>
			<itemType>Audio and Video</itemType>
			<price>169.99</price>
			<quantity>40</quantity>
			<status>Initial</status>
			<ccType>MCARD</ccType>
			<ccNumber>5599-0187-2832-7372</ccNumber>
		</PurchaseOrder>
		<PurchaseOrder>
			<CustID>407</CustID>
			<ID>23785</ID>
			<productName>iPod Classic 160GB</productName>
			<itemType>Audio and Video</itemType>
			<price>199.99</price>
			<quantity>40</quantity>
			<status>Initial</status>
			<ccType>MCARD</ccType>
			<ccNumber>5599-0187-2832-7372</ccNumber>
		</PurchaseOrder>
		<PurchaseOrder>
			<CustID>501</CustID>
			<ID>23786</ID>
			<productName>PlayStation 3 Video Game</productName>
			<itemType>Games</itemType>
			<price>229.95</price>
			<quantity>60</quantity>
			<status>Initial</status>
			<ccType>DISCO</ccType>
			<ccNumber>9116-9827-2543-7368</ccNumber>
		</PurchaseOrder>
		<PurchaseOrder>
			<CustID>501</CustID>
			<ID>23787</ID>
			<productName>Playstation Portable</productName>
			<itemType>Games</itemType>
			<price>224.99</price>
			<quantity>80</quantity>
			<status>Initial</status>
			<ccType>DISCO</ccType>
			<ccNumber>9116-9827-2543-7368</ccNumber>
		</PurchaseOrder>
		<PurchaseOrder>
			<CustID>501</CustID>
			<ID>23788</ID>
			<productName>HTC Desire phone</productName>
			<itemType>Audio and Video</itemType>
			<price>450.0</price>
			<quantity>40</quantity>
			<status>Initial</status>
			<ccType>DISCO</ccType>
			<ccNumber>9116-9827-2543-7368</ccNumber>
		</PurchaseOrder>
		<PurchaseOrder>
			<CustID>502</CustID>
			<ID>23789</ID>
			<productName>Sansa Clip+ 8GB MP3 Player</productName>
			<itemType>Audio and Video</itemType>
			<price>99.99</price>
			<quantity>50</quantity>
			<status>Initial</status>
			<ccType>DISCO</ccType>
			<ccNumber>9873-7983-0003-7218</ccNumber>
		</PurchaseOrder>
		<PurchaseOrder>
			<CustID>502</CustID>
			<ID>23790</ID>
			<productName>iPod Nano 5G 8GB</productName>
			<itemType>Audio and Video</itemType>
			<price>129.99</price>
			<quantity>50</quantity>
			<status>Initial</status>
			<ccType>DISCO</ccType>
			<ccNumber>9873-7983-0003-7218</ccNumber>
		</PurchaseOrder>
		<PurchaseOrder>
			<CustID>502</CustID>
			<ID>23791</ID>
			<productName>iPod Speakers</productName>
			<itemType>Audio and Video</itemType>
			<price>89.99</price>
			<quantity>60</quantity>
			<status>Initial</status>
			<ccType>DISCO</ccType>
			<ccNumber>9873-7983-0003-7218</ccNumber>
		</PurchaseOrder>
		<PurchaseOrder>
			<CustID>503</CustID>
			<ID>23792</ID>
			<productName>Nintendo Wii</productName>
			<itemType>Games</itemType>
			<price>259.99</price>
			<quantity>30</quantity>
			<status>Initial</status>
			<ccType>VISA</ccType>
			<ccNumber>2348-9287-9928-0001</ccNumber>
		</PurchaseOrder>
		<PurchaseOrder>
			<CustID>503</CustID>
			<ID>23793</ID>
			<productName>Wii Remote</productName>
			<itemType>Games</itemType>
			<price>19.99</price>
			<quantity>20</quantity>
			<status>Initial</status>
			<ccType>VISA</ccType>
			<ccNumber>2348-9287-9928-0001</ccNumber>
		</PurchaseOrder>
		<PurchaseOrder>
			<CustID>503</CustID>
			<ID>23794</ID>
			<productName>Nintendo DSi</productName>
			<itemType>Games</itemType>
			<price>149.99</price>
			<quantity>10</quantity>
			<status>Initial</status>
			<ccType>VISA</ccType>
			<ccNumber>2348-9287-9928-0001</ccNumber>
		</PurchaseOrder>
		<PurchaseOrder>
			<CustID>504</CustID>
			<ID>23795</ID>
			<productName>PlayStation 3 Video Game</productName>
			<itemType>Games</itemType>
			<price>229.95</price>
			<quantity>75</quantity>
			<status>Initial</status>
			<ccType>AMEX</ccType>
			<ccNumber>1188-8739-1232-5431</ccNumber>
		</PurchaseOrder>
		<PurchaseOrder>
			<CustID>504</CustID>
			<ID>23796</ID>
			<productName>XBox 360 Arcade Console</productName>
			<itemType>Games</itemType>
			<price>159.99</price>
			<quantity>70</quantity>
			<status>Initial</status>
			<ccType>AMEX</ccType>
			<ccNumber>1188-8739-1232-5431</ccNumber>
		</PurchaseOrder>
		<PurchaseOrder>
			<CustID>504</CustID>
			<ID>23797</ID>
			<productName>Nintendo DSi</productName>
			<itemType>Games</itemType>
			<price>149.99</price>
			<quantity>30</quantity>
			<status>Initial</status>
			<ccType>AMEX</ccType>
			<ccNumber>1188-8739-1232-5431</ccNumber>
		</PurchaseOrder>
		<PurchaseOrder>
			<CustID>504</CustID>
			<ID>23798</ID>
			<productName>Playstation Portable</productName>
			<itemType>Games</itemType>
			<price>224.99</price>
			<quantity>30</quantity>
			<status>Initial</status>
			<ccType>AMEX</ccType>
			<ccNumber>1188-8739-1232-5431</ccNumber>
		</PurchaseOrder>
		<PurchaseOrder>
			<CustID>504</CustID>
			<ID>23799</ID>
			<productName>Nintendo Wii</productName>
			<itemType>Games</itemType>
			<price>259.99</price>
			<quantity>60</quantity>
			<status>Initial</status>
			<ccType>AMEX</ccType>
			<ccNumber>1188-8739-1232-5431</ccNumber>
		</PurchaseOrder>
		<PurchaseOrder>
			<CustID>505</CustID>
			<ID>23800</ID>
			<productName>17-Inch iMac</productName>
			<itemType>Hardware</itemType>
			<price>899.99</price>
			<quantity>15</quantity>
			<status>Initial</status>
			<ccType>AMEX</ccType>
			<ccNumber>1234-8764-8729-0023</ccNumber>
		</PurchaseOrder>
		<PurchaseOrder>
			<CustID>505</CustID>
			<ID>23801</ID>
			<productName>20-Inch iMac</productName>
			<itemType>Hardware</itemType>
			<price>2499.99</price>
			<quantity>10</quantity>
			<status>Initial</status>
			<ccType>AMEX</ccType>
			<ccNumber>1234-8764-8729-0023</ccNumber>
		</PurchaseOrder>
		<PurchaseOrder>
			<CustID>505</CustID>
			<ID>23802</ID>
			<productName>iPad</productName>
			<itemType>Audio and Video</itemType>
			<price>499.0</price>
			<quantity>40</quantity>
			<status>Initial</status>
			<ccType>AMEX</ccType>
			<ccNumber>1234-8764-8729-0023</ccNumber>
		</PurchaseOrder>
		<PurchaseOrder>
			<CustID>505</CustID>
			<ID>23803</ID>
			<productName>17-Inch Powerbook</productName>
			<itemType>Hardware</itemType>
			<price>3499.99</price>
			<quantity>30</quantity>
			<status>Initial</status>
			<ccType>AMEX</ccType>
			<ccNumber>1234-8764-8729-0023</ccNumber>
		</PurchaseOrder>
		<PurchaseOrder>
			<CustID>505</CustID>
			<ID>23804</ID>
			<productName>15-Inch MacBook Pro</productName>
			<itemType>Hardware</itemType>
			<price>1999.99</price>
			<quantity>20</quantity>
			<status>Initial</status>
			<ccType>AMEX</ccType>
			<ccNumber>1234-8764-8729-0023</ccNumber>
		</PurchaseOrder>
		<PurchaseOrder>
			<CustID>506</CustID>
			<ID>23805</ID>
			<productName>iPod Touch 3G 64GB</productName>
			<itemType>Audio and Video</itemType>
			<price>319.99</price>
			<quantity>25</quantity>
			<status>Initial</status>
			<ccType>MCARD</ccType>
			<ccNumber>5678-5678-2876-2876</ccNumber>
		</PurchaseOrder>
		<PurchaseOrder>
			<CustID>506</CustID>
			<ID>23806</ID>
			<productName>iPhone 3GS 32GB</productName>
			<itemType>Cell Phones</itemType>
			<price>699.99</price>
			<quantity>20</quantity>
			<status>Initial</status>
			<ccType>MCARD</ccType>
			<ccNumber>5678-5678-2876-2876</ccNumber>
		</PurchaseOrder>
		<PurchaseOrder>
			<CustID>506</CustID>
			<ID>23807</ID>
			<productName>HTC Hero phone</productName>
			<itemType>Cell Phones</itemType>
			<price>299.99</price>
			<quantity>25</quantity>
			<status>Initial</status>
			<ccType>MCARD</ccType>
			<ccNumber>5678-5678-2876-2876</ccNumber>
		</PurchaseOrder>
		<PurchaseOrder>
			<CustID>506</CustID>
			<ID>23808</ID>
			<productName>iPod Classic 160GB</productName>
			<itemType>Audio and Video</itemType>
			<price>199.99</price>
			<quantity>30</quantity>
			<status>Initial</status>
			<ccType>MCARD</ccType>
			<ccNumber>5678-5678-2876-2876</ccNumber>
		</PurchaseOrder>
		<PurchaseOrder>
			<CustID>506</CustID>
			<ID>23809</ID>
			<productName>iPod Nano 5G 16GB</productName>
			<itemType>Audio and Video</itemType>
			<price>169.99</price>
			<quantity>60</quantity>
			<status>Initial</status>
			<ccType>MCARD</ccType>
			<ccNumber>5678-5678-2876-2876</ccNumber>
		</PurchaseOrder>
	</OrderDay>
	<OrderDay>
		<OrderDate>14-May-10</OrderDate>
		<PurchaseOrder>
			<CustID>507</CustID>
			<ID>23810</ID>
			<productName>iPod Touch 3G 64GB</productName>
			<itemType>Audio and Video</itemType>
			<price>319.99</price>
			<quantity>50</quantity>
			<status>Initial</status>
			<ccType>VISA</ccType>
			<ccNumber>2345-9828-1323-2348</ccNumber>
		</PurchaseOrder>
		<PurchaseOrder>
			<CustID>507</CustID>
			<ID>23811</ID>
			<productName>Plasma HD Television</productName>
			<itemType>Audio and Video</itemType>
			<price>1999.99</price>
			<quantity>5</quantity>
			<status>Initial</status>
			<ccType>VISA</ccType>
			<ccNumber>2345-9828-1323-2348</ccNumber>
		</PurchaseOrder>
		<PurchaseOrder>
			<CustID>507</CustID>
			<ID>23812</ID>
			<productName>Archos 5 120GB</productName>
			<itemType>Audio and Video</itemType>
			<price>299.99</price>
			<quantity>10</quantity>
			<status>Initial</status>
			<ccType>VISA</ccType>
			<ccNumber>2345-9828-1323-2348</ccNumber>
		</PurchaseOrder>
		<PurchaseOrder>
			<CustID>507</CustID>
			<ID>23813</ID>
			<productName>HTC Hero phone</productName>
			<itemType>Cell Phones</itemType>
			<price>299.99</price>
			<quantity>20</quantity>
			<status>Initial</status>
			<ccType>VISA</ccType>
			<ccNumber>2345-9828-1323-2348</ccNumber>
		</PurchaseOrder>
		<PurchaseOrder>
			<CustID>104</CustID>
			<ID>23814</ID>
			<productName>RAZR V3i Cellular Phone</productName>
			<itemType>Cell Phones</itemType>
			<price>99.99</price>
			<quantity>30</quantity>
			<status>Initial</status>
			<ccType>VISA</ccType>
			<ccNumber>2507-9982-8209-9990</ccNumber>
		</PurchaseOrder>
		<PurchaseOrder>
			<CustID>104</CustID>
			<ID>23815</ID>
			<productName>Blackberry Pearl 9105</productName>
			<itemType>Cell Phones</itemType>
			<price>499.99</price>
			<quantity>15</quantity>
			<status>Initial</status>
			<ccType>VISA</ccType>
			<ccNumber>2507-9982-8209-9990</ccNumber>
		</PurchaseOrder>
		<PurchaseOrder>
			<CustID>104</CustID>
			<ID>23816</ID>
			<productName>iPhone 3GS 32GB</productName>
			<itemType>Cell Phones</itemType>
			<price>699.99</price>
			<quantity>15</quantity>
			<status>Initial</status>
			<ccType>VISA</ccType>
			<ccNumber>2507-9982-8209-9990</ccNumber>
		</PurchaseOrder>
		<PurchaseOrder>
			<CustID>104</CustID>
			<ID>23817</ID>
			<productName>HTC Hero phone</productName>
			<itemType>Cell Phones</itemType>
			<price>299.99</price>
			<quantity>10</quantity>
			<status>Initial</status>
			<ccType>VISA</ccType>
			<ccNumber>2507-9982-8209-9990</ccNumber>
		</PurchaseOrder>
		<PurchaseOrder>
			<CustID>105</CustID>
			<ID>23818</ID>
			<productName>iPod Classic 160GB</productName>
			<itemType>Audio and Video</itemType>
			<price>199.99</price>
			<quantity>40</quantity>
			<status>Initial</status>
			<ccType>VISA</ccType>
			<ccNumber>4377-7769-0982-7489</ccNumber>
		</PurchaseOrder>
		<PurchaseOrder>
			<CustID>105</CustID>
			<ID>23819</ID>
			<productName>iPod Shuffle 4Gb</productName>
			<itemType>Audio and Video</itemType>
			<price>69.99</price>
			<quantity>80</quantity>
			<status>Initial</status>
			<ccType>VISA</ccType>
			<ccNumber>4377-7769-0982-7489</ccNumber>
		</PurchaseOrder>
		<PurchaseOrder>
			<CustID>105</CustID>
			<ID>23820</ID>
			<productName>iPod Speakers</productName>
			<itemType>Audio and Video</itemType>
			<price>89.99</price>
			<quantity>45</quantity>
			<status>Initial</status>
			<ccType>VISA</ccType>
			<ccNumber>4377-7769-0982-7489</ccNumber>
		</PurchaseOrder>
		<PurchaseOrder>
			<CustID>105</CustID>
			<ID>23821</ID>
			<productName>iPod Touch 3G 64GB</productName>
			<itemType>Audio and Video</itemType>
			<price>319.99</price>
			<quantity>100</quantity>
			<status>Initial</status>
			<ccType>VISA</ccType>
			<ccNumber>4377-7769-0982-7489</ccNumber>
		</PurchaseOrder>
		<PurchaseOrder>
			<CustID>106</CustID>
			<ID>23822</ID>
			<productName>Nintendo DSi</productName>
			<itemType>Games</itemType>
			<price>149.99</price>
			<quantity>50</quantity>
			<status>Initial</status>
			<ccType>MCARD</ccType>
			<ccNumber>6700-7290-2683-1189</ccNumber>
		</PurchaseOrder>
		<PurchaseOrder>
			<CustID>106</CustID>
			<ID>23823</ID>
			<productName>Playstation Portable</productName>
			<itemType>Games</itemType>
			<price>224.99</price>
			<quantity>30</quantity>
			<status>Initial</status>
			<ccType>MCARD</ccType>
			<ccNumber>6700-7290-2683-1189</ccNumber>
		</PurchaseOrder>
		<PurchaseOrder>
			<CustID>106</CustID>
			<ID>23824</ID>
			<productName>Nintendo Wii</productName>
			<itemType>Games</itemType>
			<price>259.99</price>
			<quantity>20</quantity>
			<status>Initial</status>
			<ccType>MCARD</ccType>
			<ccNumber>6700-7290-2683-1189</ccNumber>
		</PurchaseOrder>
		<PurchaseOrder>
			<CustID>106</CustID>
			<ID>23825</ID>
			<productName>Wii Remote</productName>
			<itemType>Games</itemType>
			<price>19.99</price>
			<quantity>50</quantity>
			<status>Initial</status>
			<ccType>MCARD</ccType>
			<ccNumber>6700-7290-2683-1189</ccNumber>
		</PurchaseOrder>
		<PurchaseOrder>
			<CustID>107</CustID>
			<ID>23826</ID>
			<productName>Essential Bach</productName>
			<itemType>Music</itemType>
			<price>15.99</price>
			<quantity>10</quantity>
			<status>Initial</status>
			<ccType>VISA</ccType>
			<ccNumber>4887-0283-7407-8098</ccNumber>
		</PurchaseOrder>
		<PurchaseOrder>
			<CustID>107</CustID>
			<ID>23827</ID>
			<productName>Beethoven Symphonies Collection</productName>
			<itemType>Music</itemType>
			<price>18.99</price>
			<quantity>15</quantity>
			<status>Initial</status>
			<ccType>VISA</ccType>
			<ccNumber>4887-0283-7407-8098</ccNumber>
		</PurchaseOrder>
		<PurchaseOrder>
			<CustID>107</CustID>
			<ID>23828</ID>
			<productName>Essential Mozart</productName>
			<itemType>Music</itemType>
			<price>15.99</price>
			<quantity>10</quantity>
			<status>Initial</status>
			<ccType>VISA</ccType>
			<ccNumber>4887-0283-7407-8098</ccNumber>
		</PurchaseOrder>
		<PurchaseOrder>
			<CustID>107</CustID>
			<ID>23829</ID>
			<productName>Chopin: Favorite Piano Works</productName>
			<itemType>Music</itemType>
			<price>17.99</price>
			<quantity>10</quantity>
			<status>Initial</status>
			<ccType>VISA</ccType>
			<ccNumber>4887-0283-7407-8098</ccNumber>
		</PurchaseOrder>
		<PurchaseOrder>
			<CustID>201</CustID>
			<ID>23830</ID>
			<productName>17-Inch iMac</productName>
			<itemType>Hardware</itemType>
			<price>899.99</price>
			<quantity>10</quantity>
			<status>Initial</status>
			<ccType>VISA</ccType>
			<ccNumber>4222-1233-4572-3342</ccNumber>
		</PurchaseOrder>
		<PurchaseOrder>
			<CustID>201</CustID>
			<ID>23831</ID>
			<productName>17-Inch Powerbook</productName>
			<itemType>Hardware</itemType>
			<price>3499.99</price>
			<quantity>5</quantity>
			<status>Initial</status>
			<ccType>VISA</ccType>
			<ccNumber>4222-1233-4572-3342</ccNumber>
		</PurchaseOrder>
		<PurchaseOrder>
			<CustID>201</CustID>
			<ID>23832</ID>
			<productName>20-Inch iMac</productName>
			<itemType>Hardware</itemType>
			<price>2499.99</price>
			<quantity>5</quantity>
			<status>Initial</status>
			<ccType>VISA</ccType>
			<ccNumber>4222-1233-4572-3342</ccNumber>
		</PurchaseOrder>
		<PurchaseOrder>
			<CustID>201</CustID>
			<ID>23833</ID>
			<productName>iPad</productName>
			<itemType>Audio and Video</itemType>
			<price>499.0</price>
			<quantity>20</quantity>
			<status>Initial</status>
			<ccType>VISA</ccType>
			<ccNumber>4222-1233-4572-3342</ccNumber>
		</PurchaseOrder>
		<PurchaseOrder>
			<CustID>202</CustID>
			<ID>23834</ID>
			<productName>Nintendo Wii</productName>
			<itemType>Games</itemType>
			<price>259.99</price>
			<quantity>25</quantity>
			<status>Initial</status>
			<ccType>AMEX</ccType>
			<ccNumber>1999-7287-2349-5765</ccNumber>
		</PurchaseOrder>
		<PurchaseOrder>
			<CustID>202</CustID>
			<ID>23835</ID>
			<productName>Wii Remote</productName>
			<itemType>Games</itemType>
			<price>19.99</price>
			<quantity>15</quantity>
			<status>Initial</status>
			<ccType>AMEX</ccType>
			<ccNumber>1999-7287-2349-5765</ccNumber>
		</PurchaseOrder>
		<PurchaseOrder>
			<CustID>202</CustID>
			<ID>23836</ID>
			<productName>Playstation Portable</productName>
			<itemType>Games</itemType>
			<price>224.99</price>
			<quantity>5</quantity>
			<status>Initial</status>
			<ccType>AMEX</ccType>
			<ccNumber>1999-7287-2349-5765</ccNumber>
		</PurchaseOrder>
		<PurchaseOrder>
			<CustID>202</CustID>
			<ID>23837</ID>
			<productName>Nintendo DSi</productName>
			<itemType>Games</itemType>
			<price>149.99</price>
			<quantity>20</quantity>
			<status>Initial</status>
			<ccType>AMEX</ccType>
			<ccNumber>1999-7287-2349-5765</ccNumber>
		</PurchaseOrder>
		<PurchaseOrder>
			<CustID>203</CustID>
			<ID>23838</ID>
			<productName>iPod Touch 3G 64GB</productName>
			<itemType>Audio and Video</itemType>
			<price>319.99</price>
			<quantity>10</quantity>
			<status>Initial</status>
			<ccType>VISA</ccType>
			<ccNumber>3665-2777-8731-1673</ccNumber>
		</PurchaseOrder>
		<PurchaseOrder>
			<CustID>203</CustID>
			<ID>23839</ID>
			<productName>iPod Speakers</productName>
			<itemType>Audio and Video</itemType>
			<price>89.99</price>
			<quantity>35</quantity>
			<status>Initial</status>
			<ccType>VISA</ccType>
			<ccNumber>3665-2777-8731-1673</ccNumber>
		</PurchaseOrder>
		<PurchaseOrder>
			<CustID>203</CustID>
			<ID>23840</ID>
			<productName>Sansa Clip+ 8GB MP3 Player</productName>
			<itemType>Audio and Video</itemType>
			<price>99.99</price>
			<quantity>30</quantity>
			<status>Initial</status>
			<ccType>VISA</ccType>
			<ccNumber>3665-2777-8731-1673</ccNumber>
		</PurchaseOrder>
		<PurchaseOrder>
			<CustID>203</CustID>
			<ID>23841</ID>
			<productName>iPod Nano 5G 16GB</productName>
			<itemType>Audio and Video</itemType>
			<price>169.99</price>
			<quantity>20</quantity>
			<status>Initial</status>
			<ccType>VISA</ccType>
			<ccNumber>3665-2777-8731-1673</ccNumber>
		</PurchaseOrder>
		<PurchaseOrder>
			<CustID>204</CustID>
			<ID>23842</ID>
			<productName>XBox 360 Arcade Console</productName>
			<itemType>Games</itemType>
			<price>159.99</price>
			<quantity>45</quantity>
			<status>Initial</status>
			<ccType>VISA</ccType>
			<ccNumber>4388-8877-2340-2872</ccNumber>
		</PurchaseOrder>
		<PurchaseOrder>
			<CustID>204</CustID>
			<ID>23843</ID>
			<productName>PlayStation 3 Video Game</productName>
			<itemType>Games</itemType>
			<price>229.95</price>
			<quantity>25</quantity>
			<status>Initial</status>
			<ccType>VISA</ccType>
			<ccNumber>4388-8877-2340-2872</ccNumber>
		</PurchaseOrder>
		<PurchaseOrder>
			<CustID>204</CustID>
			<ID>23844</ID>
			<productName>Nintendo Wii</productName>
			<itemType>Games</itemType>
			<price>259.99</price>
			<quantity>35</quantity>
			<status>Initial</status>
			<ccType>VISA</ccType>
			<ccNumber>4388-8877-2340-2872</ccNumber>
		</PurchaseOrder>
		<PurchaseOrder>
			<CustID>204</CustID>
			<ID>23845</ID>
			<productName>Wii Remote</productName>
			<itemType>Games</itemType>
			<price>19.99</price>
			<quantity>50</quantity>
			<status>Initial</status>
			<ccType>VISA</ccType>
			<ccNumber>4388-8877-2340-2872</ccNumber>
		</PurchaseOrder>
	</OrderDay>
	<OrderDay>
		<OrderDate>17-May-10</OrderDate>
		<PurchaseOrder>
			<CustID>205</CustID>
			<ID>23846</ID>
			<productName>Playstation Portable</productName>
			<itemType>Games</itemType>
			<price>224.99</price>
			<quantity>130</quantity>
			<status>Initial</status>
			<ccType>DISCO</ccType>
			<ccNumber>9008-2846-7662-3554</ccNumber>
		</PurchaseOrder>
		<PurchaseOrder>
			<CustID>205</CustID>
			<ID>23847</ID>
			<productName>HTC Desire phone</productName>
			<itemType>Audio and Video</itemType>
			<price>450.0</price>
			<quantity>50</quantity>
			<status>Initial</status>
			<ccType>DISCO</ccType>
			<ccNumber>9008-2846-7662-3554</ccNumber>
		</PurchaseOrder>
		<PurchaseOrder>
			<CustID>205</CustID>
			<ID>23848</ID>
			<productName>iPod Touch 3G 32GB</productName>
			<itemType>Audio and Video</itemType>
			<price>229.95</price>
			<quantity>50</quantity>
			<status>Initial</status>
			<ccType>DISCO</ccType>
			<ccNumber>9008-2846-7662-3554</ccNumber>
		</PurchaseOrder>
		<PurchaseOrder>
			<CustID>205</CustID>
			<ID>23849</ID>
			<productName>iPod Shuffle 4Gb</productName>
			<itemType>Audio and Video</itemType>
			<price>69.99</price>
			<quantity>60</quantity>
			<status>Initial</status>
			<ccType>DISCO</ccType>
			<ccNumber>9008-2846-7662-3554</ccNumber>
		</PurchaseOrder>
		<PurchaseOrder>
			<CustID>206</CustID>
			<ID>23850</ID>
			<productName>Plasma HD Television</productName>
			<itemType>Audio and Video</itemType>
			<price>1999.99</price>
			<quantity>20</quantity>
			<status>Initial</status>
			<ccType>MCARD</ccType>
			<ccNumber>8661-8292-2346-7115</ccNumber>
		</PurchaseOrder>
		<PurchaseOrder>
			<CustID>206</CustID>
			<ID>23851</ID>
			<productName>20-Inch iMac</productName>
			<itemType>Hardware</itemType>
			<price>2499.99</price>
			<quantity>30</quantity>
			<status>Initial</status>
			<ccType>MCARD</ccType>
			<ccNumber>8661-8292-2346-7115</ccNumber>
		</PurchaseOrder>
		<PurchaseOrder>
			<CustID>206</CustID>
			<ID>23852</ID>
			<productName>PlayStation 3 Video Game</productName>
			<itemType>Games</itemType>
			<price>229.95</price>
			<quantity>50</quantity>
			<status>Initial</status>
			<ccType>MCARD</ccType>
			<ccNumber>8661-8292-2346-7115</ccNumber>
		</PurchaseOrder>
		<PurchaseOrder>
			<CustID>206</CustID>
			<ID>23853</ID>
			<productName>XBox 360 Elite Console</productName>
			<itemType>Games</itemType>
			<price>199.0</price>
			<quantity>50</quantity>
			<status>Initial</status>
			<ccType>MCARD</ccType>
			<ccNumber>8661-8292-2346-7115</ccNumber>
		</PurchaseOrder>
		<PurchaseOrder>
			<CustID>207</CustID>
			<ID>23854</ID>
			<productName>HTC Desire phone</productName>
			<itemType>Audio and Video</itemType>
			<price>450.0</price>
			<quantity>30</quantity>
			<status>Initial</status>
			<ccType>AMEX</ccType>
			<ccNumber>1156-8728-9700-0087</ccNumber>
		</PurchaseOrder>
		<PurchaseOrder>
			<CustID>207</CustID>
			<ID>23855</ID>
			<productName>Playstation Portable</productName>
			<itemType>Games</itemType>
			<price>224.99</price>
			<quantity>50</quantity>
			<status>Initial</status>
			<ccType>AMEX</ccType>
			<ccNumber>1156-8728-9700-0087</ccNumber>
		</PurchaseOrder>
		<PurchaseOrder>
			<CustID>207</CustID>
			<ID>23856</ID>
			<productName>XBox 360 Arcade Console</productName>
			<itemType>Games</itemType>
			<price>159.99</price>
			<quantity>70</quantity>
			<status>Initial</status>
			<ccType>AMEX</ccType>
			<ccNumber>1156-8728-9700-0087</ccNumber>
		</PurchaseOrder>
		<PurchaseOrder>
			<CustID>207</CustID>
			<ID>23857</ID>
			<productName>PlayStation 3 Video Game</productName>
			<itemType>Games</itemType>
			<price>229.95</price>
			<quantity>55</quantity>
			<status>Initial</status>
			<ccType>AMEX</ccType>
			<ccNumber>1156-8728-9700-0087</ccNumber>
		</PurchaseOrder>
		<PurchaseOrder>
			<CustID>301</CustID>
			<ID>23858</ID>
			<productName>iPod Touch 2G 8GB</productName>
			<itemType>Audio and Video</itemType>
			<price>159.95</price>
			<quantity>75</quantity>
			<status>Initial</status>
			<ccType>VISA</ccType>
			<ccNumber>3488-9298-2555-2876</ccNumber>
		</PurchaseOrder>
		<PurchaseOrder>
			<CustID>301</CustID>
			<ID>23859</ID>
			<productName>Archos 5 120GB</productName>
			<itemType>Audio and Video</itemType>
			<price>299.99</price>
			<quantity>15</quantity>
			<status>Initial</status>
			<ccType>VISA</ccType>
			<ccNumber>3488-9298-2555-2876</ccNumber>
		</PurchaseOrder>
		<PurchaseOrder>
			<CustID>301</CustID>
			<ID>23860</ID>
			<productName>iPod Classic 160GB</productName>
			<itemType>Audio and Video</itemType>
			<price>199.99</price>
			<quantity>45</quantity>
			<status>Initial</status>
			<ccType>VISA</ccType>
			<ccNumber>3488-9298-2555-2876</ccNumber>
		</PurchaseOrder>
		<PurchaseOrder>
			<CustID>302</CustID>
			<ID>23861</ID>
			<productName>iPod Classic 160GB</productName>
			<itemType>Audio and Video</itemType>
			<price>199.99</price>
			<quantity>20</quantity>
			<status>Initial</status>
			<ccType>MCARD</ccType>
			<ccNumber>7575-3446-7291-8043</ccNumber>
		</PurchaseOrder>
		<PurchaseOrder>
			<CustID>302</CustID>
			<ID>23862</ID>
			<productName>iPod Speakers</productName>
			<itemType>Audio and Video</itemType>
			<price>89.99</price>
			<quantity>40</quantity>
			<status>Initial</status>
			<ccType>MCARD</ccType>
			<ccNumber>7575-3446-7291-8043</ccNumber>
		</PurchaseOrder>
		<PurchaseOrder>
			<CustID>302</CustID>
			<ID>23863</ID>
			<productName>Sansa Clip+ 8GB MP3 Player</productName>
			<itemType>Audio and Video</itemType>
			<price>99.99</price>
			<quantity>30</quantity>
			<status>Initial</status>
			<ccType>MCARD</ccType>
			<ccNumber>7575-3446-7291-8043</ccNumber>
		</PurchaseOrder>
		<PurchaseOrder>
			<CustID>303</CustID>
			<ID>23864</ID>
			<productName>Blackberry Pearl 9105</productName>
			<itemType>Cell Phones</itemType>
			<price>499.99</price>
			<quantity>35</quantity>
			<status>Initial</status>
			<ccType>MCARD</ccType>
			<ccNumber>5578-9277-0091-0091</ccNumber>
		</PurchaseOrder>
		<PurchaseOrder>
			<CustID>303</CustID>
			<ID>23865</ID>
			<productName>RAZR V3i Cellular Phone</productName>
			<itemType>Cell Phones</itemType>
			<price>99.99</price>
			<quantity>90</quantity>
			<status>Initial</status>
			<ccType>MCARD</ccType>
			<ccNumber>5578-9277-0091-0091</ccNumber>
		</PurchaseOrder>
		<PurchaseOrder>
			<CustID>303</CustID>
			<ID>23866</ID>
			<productName>Chocolate Phone</productName>
			<itemType>Cell Phones</itemType>
			<price>499.99</price>
			<quantity>105</quantity>
			<status>Initial</status>
			<ccType>MCARD</ccType>
			<ccNumber>5578-9277-0091-0091</ccNumber>
		</PurchaseOrder>
		<PurchaseOrder>
			<CustID>304</CustID>
			<ID>23867</ID>
			<productName>Wii Remote</productName>
			<itemType>Games</itemType>
			<price>19.99</price>
			<quantity>50</quantity>
			<status>Initial</status>
			<ccType>MCARD</ccType>
			<ccNumber>7007-9262-2844-3517</ccNumber>
		</PurchaseOrder>
		<PurchaseOrder>
			<CustID>304</CustID>
			<ID>23868</ID>
			<productName>Nintendo Wii</productName>
			<itemType>Games</itemType>
			<price>259.99</price>
			<quantity>40</quantity>
			<status>Initial</status>
			<ccType>MCARD</ccType>
			<ccNumber>7007-9262-2844-3517</ccNumber>
		</PurchaseOrder>
		<PurchaseOrder>
			<CustID>304</CustID>
			<ID>23869</ID>
			<productName>Nintendo DSi</productName>
			<itemType>Games</itemType>
			<price>149.99</price>
			<quantity>25</quantity>
			<status>Initial</status>
			<ccType>MCARD</ccType>
			<ccNumber>7007-9262-2844-3517</ccNumber>
		</PurchaseOrder>
		<PurchaseOrder>
			<CustID>305</CustID>
			<ID>23870</ID>
			<productName>Bluetooth Adaptor</productName>
			<itemType>Cell Phones</itemType>
			<price>19.99</price>
			<quantity>35</quantity>
			<status>Initial</status>
			<ccType>MCARD</ccType>
			<ccNumber>6288-8729-2273-6573</ccNumber>
		</PurchaseOrder>
		<PurchaseOrder>
			<CustID>305</CustID>
			<ID>23871</ID>
			<productName>RAZR V3i Cellular Phone</productName>
			<itemType>Cell Phones</itemType>
			<price>99.99</price>
			<quantity>35</quantity>
			<status>Initial</status>
			<ccType>MCARD</ccType>
			<ccNumber>6288-8729-2273-6573</ccNumber>
		</PurchaseOrder>
		<PurchaseOrder>
			<CustID>305</CustID>
			<ID>23872</ID>
			<productName>iPad</productName>
			<itemType>Audio and Video</itemType>
			<price>499.0</price>
			<quantity>30</quantity>
			<status>Initial</status>
			<ccType>MCARD</ccType>
			<ccNumber>6288-8729-2273-6573</ccNumber>
		</PurchaseOrder>
		<PurchaseOrder>
			<CustID>306</CustID>
			<ID>23873</ID>
			<productName>iPod Touch 3G 64GB</productName>
			<itemType>Audio and Video</itemType>
			<price>319.99</price>
			<quantity>25</quantity>
			<status>Initial</status>
			<ccType>VISA</ccType>
			<ccNumber>4999-9946-2180-1257</ccNumber>
		</PurchaseOrder>
		<PurchaseOrder>
			<CustID>307</CustID>
			<ID>23874</ID>
			<productName>PlayStation 3 Video Game</productName>
			<itemType>Games</itemType>
			<price>229.95</price>
			<quantity>80</quantity>
			<status>Initial</status>
			<ccType>DISCO</ccType>
			<ccNumber>9577-7282-7298-3548</ccNumber>
		</PurchaseOrder>
		<PurchaseOrder>
			<CustID>307</CustID>
			<ID>23875</ID>
			<productName>XBox 360 Arcade Console</productName>
			<itemType>Games</itemType>
			<price>159.99</price>
			<quantity>90</quantity>
			<status>Initial</status>
			<ccType>DISCO</ccType>
			<ccNumber>9577-7282-7298-3548</ccNumber>
		</PurchaseOrder>
		<PurchaseOrder>
			<CustID>401</CustID>
			<ID>23876</ID>
			<productName>Nintendo DSi</productName>
			<itemType>Games</itemType>
			<price>149.99</price>
			<quantity>200</quantity>
			<status>Initial</status>
			<ccType>VISA</ccType>
			<ccNumber>4489-0076-5666-3832</ccNumber>
		</PurchaseOrder>
		<PurchaseOrder>
			<CustID>402</CustID>
			<ID>23877</ID>
			<productName>Sansa Clip+ 8GB MP3 Player</productName>
			<itemType>Audio and Video</itemType>
			<price>99.99</price>
			<quantity>100</quantity>
			<status>Initial</status>
			<ccType>VISA</ccType>
			<ccNumber>2122-2134-5355-9871</ccNumber>
		</PurchaseOrder>
		<PurchaseOrder>
			<CustID>4403</CustID>
			<ID>23878</ID>
			<productName>iPad</productName>
			<itemType>Audio and Video</itemType>
			<price>499.0</price>
			<quantity>30</quantity>
			<status>Initial</status>
			<ccType>AMEX</ccType>
			<ccNumber>1687-1544-9872-3248</ccNumber>
		</PurchaseOrder>
		<PurchaseOrder>
			<CustID>404</CustID>
			<ID>23879</ID>
			<productName>HTC Hero phone</productName>
			<itemType>Cell Phones</itemType>
			<price>299.99</price>
			<quantity>100</quantity>
			<status>Initial</status>
			<ccType>MCARD</ccType>
			<ccNumber>8350-0820-1182-3549</ccNumber>
		</PurchaseOrder>
		<PurchaseOrder>
			<CustID>303</CustID>
			<ID>23880</ID>
			<productName>Blackberry Pearl 9105</productName>
			<itemType>Cell Phones</itemType>
			<price>499.99</price>
			<quantity>35</quantity>
			<status>Initial</status>
			<ccType>MCARD</ccType>
			<ccNumber>5578-9277-0091-0091</ccNumber>
		</PurchaseOrder>
		<PurchaseOrder>
			<CustID>304</CustID>
			<ID>23881</ID>
			<productName>Wii Remote</productName>
			<itemType>Games</itemType>
			<price>19.99</price>
			<quantity>50</quantity>
			<status>Initial</status>
			<ccType>MCARD</ccType>
			<ccNumber>7007-9262-2844-3517</ccNumber>
		</PurchaseOrder>
		<PurchaseOrder>
			<CustID>305</CustID>
			<ID>23882</ID>
			<productName>RAZR V3i Cellular Phone</productName>
			<itemType>Cell Phones</itemType>
			<price>99.99</price>
			<quantity>40</quantity>
			<status>Initial</status>
			<ccType>MCARD</ccType>
			<ccNumber>6288-8729-2273-6573</ccNumber>
		</PurchaseOrder>
		<PurchaseOrder>
			<CustID>305</CustID>
			<ID>23883</ID>
			<productName>iPad</productName>
			<itemType>Audio and Video</itemType>
			<price>499.0</price>
			<quantity>40</quantity>
			<status>Initial</status>
			<ccType>MCARD</ccType>
			<ccNumber>6288-8729-2273-6573</ccNumber>
		</PurchaseOrder>
		<PurchaseOrder>
			<CustID>306</CustID>
			<ID>23884</ID>
			<productName>Rin Tin Tin Double Feature, Vol. 1 (1947)</productName>
			<itemType>DVDs</itemType>
			<price>12.99</price>
			<quantity>5</quantity>
			<status>Initial</status>
			<ccType>VISA</ccType>
			<ccNumber>4999-9946-2180-1257</ccNumber>
		</PurchaseOrder>
		<PurchaseOrder>
			<CustID>306</CustID>
			<ID>23885</ID>
			<productName>Rin Tin Tin Double Feature, Vol. 2 (1947)</productName>
			<itemType>DVDs</itemType>
			<price>12.99</price>
			<quantity>5</quantity>
			<status>Initial</status>
			<ccType>VISA</ccType>
			<ccNumber>4999-9946-2180-1257</ccNumber>
		</PurchaseOrder>
		<PurchaseOrder>
			<CustID>307</CustID>
			<ID>23886</ID>
			<productName>PlayStation 3 Video Game</productName>
			<itemType>Games</itemType>
			<price>229.95</price>
			<quantity>120</quantity>
			<status>Initial</status>
			<ccType>DISCO</ccType>
			<ccNumber>9577-7282-7298-3548</ccNumber>
		</PurchaseOrder>
		<PurchaseOrder>
			<CustID>307</CustID>
			<ID>23887</ID>
			<productName>XBox 360 Arcade Console</productName>
			<itemType>Games</itemType>
			<price>159.99</price>
			<quantity>100</quantity>
			<status>Initial</status>
			<ccType>DISCO</ccType>
			<ccNumber>9577-7282-7298-3548</ccNumber>
		</PurchaseOrder>
		<PurchaseOrder>
			<CustID>401</CustID>
			<ID>23888</ID>
			<productName>Nintendo Wii</productName>
			<itemType>Games</itemType>
			<price>259.99</price>
			<quantity>180</quantity>
			<status>Initial</status>
			<ccType>VISA</ccType>
			<ccNumber>4489-0076-5666-3832</ccNumber>
		</PurchaseOrder>
		<PurchaseOrder>
			<CustID>401</CustID>
			<ID>23889</ID>
			<productName>Wii Remote</productName>
			<itemType>Games</itemType>
			<price>19.99</price>
			<quantity>250</quantity>
			<status>Initial</status>
			<ccType>VISA</ccType>
			<ccNumber>4489-0076-5666-3832</ccNumber>
		</PurchaseOrder>
		<PurchaseOrder>
			<CustID>402</CustID>
			<ID>23890</ID>
			<productName>Sansa Clip+ 8GB MP3 Player</productName>
			<itemType>Audio and Video</itemType>
			<price>99.99</price>
			<quantity>50</quantity>
			<status>Initial</status>
			<ccType>VISA</ccType>
			<ccNumber>2122-2134-5355-9871</ccNumber>
		</PurchaseOrder>
		<PurchaseOrder>
			<CustID>402</CustID>
			<ID>23891</ID>
			<productName>iPod Nano 5G 8GB</productName>
			<itemType>Audio and Video</itemType>
			<price>129.99</price>
			<quantity>50</quantity>
			<status>Initial</status>
			<ccType>VISA</ccType>
			<ccNumber>2122-2134-5355-9871</ccNumber>
		</PurchaseOrder>
		<PurchaseOrder>
			<CustID>403</CustID>
			<ID>23892</ID>
			<productName>JavaServer Faces: The Complete Reference</productName>
			<itemType>Books</itemType>
			<price>35.99</price>
			<quantity>25</quantity>
			<status>Initial</status>
			<ccType>AMEX</ccType>
			<ccNumber>1687-1544-9872-3248</ccNumber>
		</PurchaseOrder>
		<PurchaseOrder>
			<CustID>403</CustID>
			<ID>23893</ID>
			<productName>Oracle JDeveloper for Forms and PL/SQL Developers</productName>
			<itemType>Books</itemType>
			<price>35.99</price>
			<quantity>15</quantity>
			<status>Initial</status>
			<ccType>AMEX</ccType>
			<ccNumber>1687-1544-9872-3248</ccNumber>
		</PurchaseOrder>
		<PurchaseOrder>
			<CustID>404</CustID>
			<ID>23894</ID>
			<productName>Chocolate Phone</productName>
			<itemType>Cell Phones</itemType>
			<price>499.99</price>
			<quantity>100</quantity>
			<status>Initial</status>
			<ccType>MCARD</ccType>
			<ccNumber>8350-0820-1182-3549</ccNumber>
		</PurchaseOrder>
		<PurchaseOrder>
			<CustID>404</CustID>
			<ID>23895</ID>
			<productName>Internet Camera</productName>
			<itemType>Camera and Photo</itemType>
			<price>439.99</price>
			<quantity>75</quantity>
			<status>Initial</status>
			<ccType>MCARD</ccType>
			<ccNumber>8350-0820-1182-3549</ccNumber>
		</PurchaseOrder>
		<PurchaseOrder>
			<CustID>405</CustID>
			<ID>23896</ID>
			<productName>Plasma HD Television</productName>
			<itemType>Audio and Video</itemType>
			<price>1999.99</price>
			<quantity>30</quantity>
			<status>Initial</status>
			<ccType>VISA</ccType>
			<ccNumber>3339-8210-8296-9274</ccNumber>
		</PurchaseOrder>
		<PurchaseOrder>
			<CustID>405</CustID>
			<ID>23897</ID>
			<productName>Archos 5 120GB</productName>
			<itemType>Audio and Video</itemType>
			<price>299.99</price>
			<quantity>10</quantity>
			<status>Initial</status>
			<ccType>VISA</ccType>
			<ccNumber>3339-8210-8296-9274</ccNumber>
		</PurchaseOrder>
		<PurchaseOrder>
			<CustID>406</CustID>
			<ID>23898</ID>
			<productName>20-Inch iMac</productName>
			<itemType>Hardware</itemType>
			<price>2499.99</price>
			<quantity>20</quantity>
			<status>Initial</status>
			<ccType>VISA</ccType>
			<ccNumber>3536-6353-9901-1099</ccNumber>
		</PurchaseOrder>
		<PurchaseOrder>
			<CustID>406</CustID>
			<ID>23899</ID>
			<productName>17-Inch Powerbook</productName>
			<itemType>Hardware</itemType>
			<price>3499.99</price>
			<quantity>30</quantity>
			<status>Initial</status>
			<ccType>VISA</ccType>
			<ccNumber>3536-6353-9901-1099</ccNumber>
		</PurchaseOrder>
	</OrderDay>
	<OrderDay>
		<OrderDate>18-May-10</OrderDate>
		<PurchaseOrder>
			<CustID>101</CustID>
			<ID>23900</ID>
			<productName>Nintendo Wii</productName>
			<itemType>Games</itemType>
			<price>259.99</price>
			<quantity>30</quantity>
			<status>Initial</status>
			<ccType>MCARD</ccType>
			<ccNumber>5599-4792-7921-3309</ccNumber>
		</PurchaseOrder>
		<PurchaseOrder>
			<CustID>101</CustID>
			<ID>23901</ID>
			<productName>Wii Remote</productName>
			<itemType>Games</itemType>
			<price>19.99</price>
			<quantity>40</quantity>
			<status>Initial</status>
			<ccType>MCARD</ccType>
			<ccNumber>5599-4792-7921-3309</ccNumber>
		</PurchaseOrder>
		<PurchaseOrder>
			<CustID>102</CustID>
			<ID>23902</ID>
			<productName>PlayStation 3 Video Game</productName>
			<itemType>Games</itemType>
			<price>229.95</price>
			<quantity>15</quantity>
			<status>Initial</status>
			<ccType>MCARD</ccType>
			<ccNumber>6700-2365-1189-7634</ccNumber>
		</PurchaseOrder>
		<PurchaseOrder>
			<CustID>102</CustID>
			<ID>23903</ID>
			<productName>Playstation Portable</productName>
			<itemType>Games</itemType>
			<price>224.99</price>
			<quantity>25</quantity>
			<status>Initial</status>
			<ccType>MCARD</ccType>
			<ccNumber>6700-2365-1189-7634</ccNumber>
		</PurchaseOrder>
	</OrderDay>
	<OrderDay>
		<OrderDate>19-May-10</OrderDate>
		<PurchaseOrder>
			<CustID>103</CustID>
			<ID>23904</ID>
			<productName>RAZR V3i Cellular Phone</productName>
			<itemType>Cell Phones</itemType>
			<price>99.99</price>
			<quantity>10</quantity>
			<status>Initial</status>
			<ccType>VISA</ccType>
			<ccNumber>3622-0009-7491-2558</ccNumber>
		</PurchaseOrder>
		<PurchaseOrder>
			<CustID>103</CustID>
			<ID>23905</ID>
			<productName>iPhone 3GS 32GB</productName>
			<itemType>Cell Phones</itemType>
			<price>699.99</price>
			<quantity>5</quantity>
			<status>Initial</status>
			<ccType>VISA</ccType>
			<ccNumber>3622-0009-7491-2558</ccNumber>
		</PurchaseOrder>
		<PurchaseOrder>
			<CustID>103</CustID>
			<ID>23906</ID>
			<productName>HTC Hero phone</productName>
			<itemType>Cell Phones</itemType>
			<price>299.99</price>
			<quantity>45</quantity>
			<status>Initial</status>
			<ccType>VISA</ccType>
			<ccNumber>3622-0009-7491-2558</ccNumber>
		</PurchaseOrder>
		<PurchaseOrder>
			<CustID>104</CustID>
			<ID>23907</ID>
			<productName>RAZR V3i Cellular Phone</productName>
			<itemType>Cell Phones</itemType>
			<price>99.99</price>
			<quantity>35</quantity>
			<status>Initial</status>
			<ccType>VISA</ccType>
			<ccNumber>2507-9982-8209-9990</ccNumber>
		</PurchaseOrder>
		<PurchaseOrder>
			<CustID>104</CustID>
			<ID>23908</ID>
			<productName>Blackberry Pearl 9105</productName>
			<itemType>Cell Phones</itemType>
			<price>499.99</price>
			<quantity>45</quantity>
			<status>Initial</status>
			<ccType>VISA</ccType>
			<ccNumber>2507-9982-8209-9990</ccNumber>
		</PurchaseOrder>
		<PurchaseOrder>
			<CustID>104</CustID>
			<ID>23909</ID>
			<productName>HTC Hero phone</productName>
			<itemType>Cell Phones</itemType>
			<price>299.99</price>
			<quantity>75</quantity>
			<status>Initial</status>
			<ccType>VISA</ccType>
			<ccNumber>2507-9982-8209-9990</ccNumber>
		</PurchaseOrder>
		<PurchaseOrder>
			<CustID>105</CustID>
			<ID>23910</ID>
			<productName>Plasma HD Television</productName>
			<itemType>Audio and Video</itemType>
			<price>1999.99</price>
			<quantity>25</quantity>
			<status>Initial</status>
			<ccType>VISA</ccType>
			<ccNumber>4377-7769-0982-7489</ccNumber>
		</PurchaseOrder>
		<PurchaseOrder>
			<CustID>105</CustID>
			<ID>23911</ID>
			<productName>20-Inch iMac</productName>
			<itemType>Hardware</itemType>
			<price>2499.99</price>
			<quantity>30</quantity>
			<status>Initial</status>
			<ccType>VISA</ccType>
			<ccNumber>4377-7769-0982-7489</ccNumber>
		</PurchaseOrder>
		<PurchaseOrder>
			<CustID>105</CustID>
			<ID>23912</ID>
			<productName>17-Inch Powerbook</productName>
			<itemType>Hardware</itemType>
			<price>3499.99</price>
			<quantity>40</quantity>
			<status>Initial</status>
			<ccType>VISA</ccType>
			<ccNumber>4377-7769-0982-7489</ccNumber>
		</PurchaseOrder>
		<PurchaseOrder>
			<CustID>106</CustID>
			<ID>23913</ID>
			<productName>Playstation Portable</productName>
			<itemType>Games</itemType>
			<price>224.99</price>
			<quantity>30</quantity>
			<status>Initial</status>
			<ccType>MCARD</ccType>
			<ccNumber>6700-7290-2683-1189</ccNumber>
		</PurchaseOrder>
		<PurchaseOrder>
			<CustID>106</CustID>
			<ID>23914</ID>
			<productName>Nintendo Wii</productName>
			<itemType>Games</itemType>
			<price>259.99</price>
			<quantity>20</quantity>
			<status>Initial</status>
			<ccType>MCARD</ccType>
			<ccNumber>6700-7290-2683-1189</ccNumber>
		</PurchaseOrder>
		<PurchaseOrder>
			<CustID>106</CustID>
			<ID>23915</ID>
			<productName>Nintendo DSi</productName>
			<itemType>Games</itemType>
			<price>149.99</price>
			<quantity>15</quantity>
			<status>Initial</status>
			<ccType>MCARD</ccType>
			<ccNumber>6700-7290-2683-1189</ccNumber>
		</PurchaseOrder>
	</OrderDay>
	<OrderDay>
		<OrderDate>20-May-10</OrderDate>
		<PurchaseOrder>
			<CustID>506</CustID>
			<ID>23916</ID>
			<productName>HTC Hero phone</productName>
			<itemType>Cell Phones</itemType>
			<price>299.99</price>
			<quantity>40</quantity>
			<status>Initial</status>
			<ccType>MCARD</ccType>
			<ccNumber>5678-5678-2876-2876</ccNumber>
		</PurchaseOrder>
		<PurchaseOrder>
			<CustID>506</CustID>
			<ID>23917</ID>
			<productName>iPod Touch 3G 32GB</productName>
			<itemType>Audio and Video</itemType>
			<price>229.95</price>
			<quantity>50</quantity>
			<status>Initial</status>
			<ccType>MCARD</ccType>
			<ccNumber>5678-5678-2876-2876</ccNumber>
		</PurchaseOrder>
		<PurchaseOrder>
			<CustID>506</CustID>
			<ID>23918</ID>
			<productName>iPod Classic 160GB</productName>
			<itemType>Audio and Video</itemType>
			<price>199.99</price>
			<quantity>30</quantity>
			<status>Initial</status>
			<ccType>MCARD</ccType>
			<ccNumber>5678-5678-2876-2876</ccNumber>
		</PurchaseOrder>
		<PurchaseOrder>
			<CustID>507</CustID>
			<ID>23919</ID>
			<productName>iPod Touch 2G 8GB</productName>
			<itemType>Audio and Video</itemType>
			<price>159.95</price>
			<quantity>50</quantity>
			<status>Initial</status>
			<ccType>VISA</ccType>
			<ccNumber>2345-9828-1323-2348</ccNumber>
		</PurchaseOrder>
		<PurchaseOrder>
			<CustID>507</CustID>
			<ID>23920</ID>
			<productName>HTC Hero phone</productName>
			<itemType>Cell Phones</itemType>
			<price>299.99</price>
			<quantity>40</quantity>
			<status>Initial</status>
			<ccType>VISA</ccType>
			<ccNumber>2345-9828-1323-2348</ccNumber>
		</PurchaseOrder>
		<PurchaseOrder>
			<CustID>507</CustID>
			<ID>23921</ID>
			<productName>Archos 5 120GB</productName>
			<itemType>Audio and Video</itemType>
			<price>299.99</price>
			<quantity>15</quantity>
			<status>Initial</status>
			<ccType>VISA</ccType>
			<ccNumber>2345-9828-1323-2348</ccNumber>
		</PurchaseOrder>
	</OrderDay>
	<OrderDay>
		<OrderDate>21-May-10</OrderDate>
		<PurchaseOrder>
			<CustID>104</CustID>
			<ID>23922</ID>
			<productName>RAZR V3i Cellular Phone</productName>
			<itemType>Cell Phones</itemType>
			<price>99.99</price>
			<quantity>10</quantity>
			<status>Initial</status>
			<ccType>VISA</ccType>
			<ccNumber>2507-9982-8209-9990</ccNumber>
		</PurchaseOrder>
		<PurchaseOrder>
			<CustID>104</CustID>
			<ID>23923</ID>
			<productName>Blackberry Pearl 9105</productName>
			<itemType>Cell Phones</itemType>
			<price>499.99</price>
			<quantity>15</quantity>
			<status>Initial</status>
			<ccType>VISA</ccType>
			<ccNumber>2507-9982-8209-9990</ccNumber>
		</PurchaseOrder>
		<PurchaseOrder>
			<CustID>104</CustID>
			<ID>23924</ID>
			<productName>HTC Hero phone</productName>
			<itemType>Cell Phones</itemType>
			<price>299.99</price>
			<quantity>120</quantity>
			<status>Initial</status>
			<ccType>VISA</ccType>
			<ccNumber>2507-9982-8209-9990</ccNumber>
		</PurchaseOrder>
		<PurchaseOrder>
			<CustID>105</CustID>
			<ID>23925</ID>
			<productName>Plasma HD Television</productName>
			<itemType>Audio and Video</itemType>
			<price>1999.99</price>
			<quantity>5</quantity>
			<status>Initial</status>
			<ccType>VISA</ccType>
			<ccNumber>4377-7769-0982-7489</ccNumber>
		</PurchaseOrder>
		<PurchaseOrder>
			<CustID>105</CustID>
			<ID>23926</ID>
			<productName>Archos 5 120GB</productName>
			<itemType>Audio and Video</itemType>
			<price>299.99</price>
			<quantity>5</quantity>
			<status>Initial</status>
			<ccType>VISA</ccType>
			<ccNumber>4377-7769-0982-7489</ccNumber>
		</PurchaseOrder>
		<PurchaseOrder>
			<CustID>105</CustID>
			<ID>23927</ID>
			<productName>iPod Touch 2G 8GB</productName>
			<itemType>Audio and Video</itemType>
			<price>159.95</price>
			<quantity>50</quantity>
			<status>Initial</status>
			<ccType>VISA</ccType>
			<ccNumber>4377-7769-0982-7489</ccNumber>
		</PurchaseOrder>
		<PurchaseOrder>
			<CustID>106</CustID>
			<ID>23928</ID>
			<productName>Nintendo DSi</productName>
			<itemType>Games</itemType>
			<price>149.99</price>
			<quantity>50</quantity>
			<status>Initial</status>
			<ccType>MCARD</ccType>
			<ccNumber>6700-7290-2683-1189</ccNumber>
		</PurchaseOrder>
		<PurchaseOrder>
			<CustID>106</CustID>
			<ID>23929</ID>
			<productName>Playstation Portable</productName>
			<itemType>Games</itemType>
			<price>224.99</price>
			<quantity>30</quantity>
			<status>Initial</status>
			<ccType>MCARD</ccType>
			<ccNumber>6700-7290-2683-1189</ccNumber>
		</PurchaseOrder>
		<PurchaseOrder>
			<CustID>106</CustID>
			<ID>23930</ID>
			<productName>Nintendo Wii</productName>
			<itemType>Games</itemType>
			<price>259.99</price>
			<quantity>20</quantity>
			<status>Initial</status>
			<ccType>MCARD</ccType>
			<ccNumber>6700-7290-2683-1189</ccNumber>
		</PurchaseOrder>
		<PurchaseOrder>
			<CustID>107</CustID>
			<ID>23931</ID>
			<productName>Blackberry Pearl 9105</productName>
			<itemType>Cell Phones</itemType>
			<price>499.99</price>
			<quantity>40</quantity>
			<status>Initial</status>
			<ccType>VISA</ccType>
			<ccNumber>4887-0283-7407-8098</ccNumber>
		</PurchaseOrder>
		<PurchaseOrder>
			<CustID>107</CustID>
			<ID>23932</ID>
			<productName>Chocolate Phone</productName>
			<itemType>Cell Phones</itemType>
			<price>499.99</price>
			<quantity>25</quantity>
			<status>Initial</status>
			<ccType>VISA</ccType>
			<ccNumber>4887-0283-7407-8098</ccNumber>
		</PurchaseOrder>
		<PurchaseOrder>
			<CustID>107</CustID>
			<ID>23933</ID>
			<productName>RAZR V3i Cellular Phone</productName>
			<itemType>Cell Phones</itemType>
			<price>99.99</price>
			<quantity>30</quantity>
			<status>Initial</status>
			<ccType>VISA</ccType>
			<ccNumber>4887-0283-7407-8098</ccNumber>
		</PurchaseOrder>
		<PurchaseOrder>
			<CustID>201</CustID>
			<ID>23934</ID>
			<productName>Mini Mac Computer</productName>
			<itemType>Hardware</itemType>
			<price>799.99</price>
			<quantity>5</quantity>
			<status>Initial</status>
			<ccType>VISA</ccType>
			<ccNumber>4222-1233-4572-3342</ccNumber>
		</PurchaseOrder>
		<PurchaseOrder>
			<CustID>201</CustID>
			<ID>23935</ID>
			<productName>17-Inch Powerbook</productName>
			<itemType>Hardware</itemType>
			<price>3499.99</price>
			<quantity>10</quantity>
			<status>Initial</status>
			<ccType>VISA</ccType>
			<ccNumber>4222-1233-4572-3342</ccNumber>
		</PurchaseOrder>
		<PurchaseOrder>
			<CustID>201</CustID>
			<ID>23936</ID>
			<productName>15-Inch MacBook Pro</productName>
			<itemType>Hardware</itemType>
			<price>1999.99</price>
			<quantity>10</quantity>
			<status>Initial</status>
			<ccType>VISA</ccType>
			<ccNumber>4222-1233-4572-3342</ccNumber>
		</PurchaseOrder>
	</OrderDay>
</POList>